-- phpMyAdmin SQL Dump
-- version 5.2.1
-- https://www.phpmyadmin.net/
--
-- Host: 127.0.0.1
-- Generation Time: Oct 30, 2025 at 06:55 AM
-- Server version: 10.4.32-MariaDB
-- PHP Version: 8.2.12

SET SQL_MODE = "NO_AUTO_VALUE_ON_ZERO";
START TRANSACTION;
SET time_zone = "+00:00";


/*!40101 SET @OLD_CHARACTER_SET_CLIENT=@@CHARACTER_SET_CLIENT */;
/*!40101 SET @OLD_CHARACTER_SET_RESULTS=@@CHARACTER_SET_RESULTS */;
/*!40101 SET @OLD_COLLATION_CONNECTION=@@COLLATION_CONNECTION */;
/*!40101 SET NAMES utf8mb4 */;

--
-- Database: `wina_wangu_db`
--

-- --------------------------------------------------------

--
-- Table structure for table `booths`
--

CREATE TABLE `booths` (
  `Booth_id` int(10) NOT NULL COMMENT 'Primary Key',
  `BoothName` varchar(20) NOT NULL,
  `Location` varchar(20) NOT NULL
) ENGINE=InnoDB DEFAULT CHARSET=utf8mb4 COLLATE=utf8mb4_general_ci;

--
-- Dumping data for table `booths`
--

INSERT INTO `booths` (`Booth_id`, `BoothName`, `Location`) VALUES
(1, 'Wina1', 'Lusaka CPD'),
(2, 'Wina2', 'Libala'),
(3, 'Wina3', 'Kabwata'),
(4, 'Wina4', 'Mandevu'),
(5, 'Wina5', 'Woodlands'),
(6, 'Wina6', 'Matero East');

-- --------------------------------------------------------

--
-- Table structure for table `boothservices`
--

CREATE TABLE `boothservices` (
  `Booth_service_id` int(11) NOT NULL,
  `Booth_id` int(11) NOT NULL,
  `Service_id` int(11) NOT NULL
) ENGINE=InnoDB DEFAULT CHARSET=utf8mb4 COLLATE=utf8mb4_general_ci;

--
-- Dumping data for table `boothservices`
--

INSERT INTO `boothservices` (`Booth_service_id`, `Booth_id`, `Service_id`) VALUES
(1, 1, 1),
(2, 1, 2),
(3, 1, 3),
(4, 1, 4),
(5, 1, 5),
(6, 2, 1),
(7, 2, 2),
(8, 2, 3),
(9, 2, 5),
(10, 3, 1),
(11, 3, 2),
(12, 3, 3),
(13, 3, 4),
(14, 3, 5),
(15, 4, 1),
(16, 4, 2),
(17, 4, 3),
(18, 5, 1),
(19, 5, 2),
(20, 5, 4),
(21, 5, 5),
(22, 6, 1),
(23, 6, 2),
(24, 6, 3);

-- --------------------------------------------------------

--
-- Table structure for table `services`
--

CREATE TABLE `services` (
  `Service_id` int(10) NOT NULL,
  `Service_name` varchar(20) NOT NULL,
  `Monthly_limit` decimal(12,2) NOT NULL,
  `Revenue_per_kwacha` decimal(5,3) NOT NULL
) ENGINE=InnoDB DEFAULT CHARSET=utf8mb4 COLLATE=utf8mb4_general_ci;

--
-- Dumping data for table `services`
--

INSERT INTO `services` (`Service_id`, `Service_name`, `Monthly_limit`, `Revenue_per_kwacha`) VALUES
(1, 'Airtel Money', 350000.00, 0.050),
(2, 'MTN Money', 160000.00, 0.060),
(3, 'Zamtel Money', 70000.00, 0.045),
(4, 'Zanaco', 80000.00, 0.035),
(5, 'FNB', 80000.00, 0.040);

-- --------------------------------------------------------

--
-- Table structure for table `transactions`
--

CREATE TABLE `transactions` (
  `Transaction_id` varchar(15) NOT NULL,
  `Booth_id` int(11) NOT NULL,
  `Service_id` int(11) NOT NULL,
  `Transaction_amount` decimal(12,2) NOT NULL,
  `Revenue_per_kwacha` decimal(5,3) NOT NULL,
  `Date_created` timestamp NOT NULL DEFAULT current_timestamp() ON UPDATE current_timestamp()
) ENGINE=InnoDB DEFAULT CHARSET=utf8mb4 COLLATE=utf8mb4_general_ci;

--
-- Dumping data for table `transactions`
--

INSERT INTO `transactions` (`Transaction_id`, `Booth_id`, `Service_id`, `Transaction_amount`, `Revenue_per_kwacha`, `Date_created`) VALUES
('WB0000001', 1, 1, 964.00, 0.050, '2021-02-14 22:00:00'),
('WB0000002', 1, 2, 220.00, 0.060, '2021-02-02 22:00:00'),
('WB0000003', 2, 2, 582.00, 0.060, '2021-02-21 22:00:00'),
('WB0000004', 3, 3, 349.00, 0.045, '2021-02-07 22:00:00'),
('WB0000005', 4, 1, 328.00, 0.050, '2021-02-18 22:00:00'),
('WB0000006', 3, 2, 192.00, 0.060, '2021-02-10 22:00:00'),
('WB0000007', 3, 4, 1519.00, 0.035, '2021-02-25 22:00:00'),
('WB0000008', 4, 3, 1113.00, 0.045, '2021-02-03 22:00:00'),
('WB0000009', 1, 5, 1999.00, 0.040, '2021-02-12 22:00:00'),
('WB0000010', 3, 1, 3810.00, 0.050, '2021-02-06 22:00:00'),
('WB0000011', 6, 3, 3270.00, 0.045, '2021-02-17 22:00:00'),
('WB0000012', 3, 4, 1092.00, 0.035, '2021-02-24 22:00:00'),
('WB0000013', 2, 1, 1056.00, 0.050, '2021-02-11 22:00:00'),
('WB0000014', 3, 1, 509.00, 0.050, '2021-01-31 22:00:00'),
('WB0000015', 5, 5, 34.00, 0.040, '2021-02-15 22:00:00'),
('WB0000016', 2, 2, 1658.00, 0.060, '2021-02-08 22:00:00'),
('WB0000017', 5, 3, 2167.00, 0.045, '2021-02-23 22:00:00'),
('WB0000018', 3, 1, 2594.00, 0.050, '2021-02-01 22:00:00'),
('WB0000019', 4, 1, 3656.00, 0.050, '2021-02-16 22:00:00'),
('WB0000020', 3, 1, 4030.00, 0.050, '2021-02-04 22:00:00'),
('WB0000021', 3, 4, 989.00, 0.035, '2021-02-20 22:00:00'),
('WB0000022', 3, 1, 4081.00, 0.050, '2021-02-09 22:00:00'),
('WB0000023', 4, 1, 925.00, 0.050, '2021-02-27 22:00:00'),
('WB0000024', 2, 2, 2312.00, 0.060, '2021-02-13 22:00:00'),
('WB0000025', 3, 4, 3280.00, 0.035, '2021-02-05 22:00:00'),
('WB0000026', 4, 1, 90.00, 0.050, '2021-02-19 22:00:00'),
('WB0000027', 5, 5, 2556.00, 0.040, '2021-02-22 22:00:00'),
('WB0000028', 3, 4, 673.00, 0.035, '2021-02-14 22:00:00'),
('WB0000029', 4, 2, 4185.00, 0.060, '2021-02-02 22:00:00'),
('WB0000030', 1, 4, 412.00, 0.035, '2021-02-26 22:00:00'),
('WB0000031', 1, 2, 310.00, 0.060, '2021-02-07 22:00:00'),
('WB0000032', 2, 2, 4248.00, 0.060, '2021-02-18 22:00:00'),
('WB0000033', 3, 1, 4105.00, 0.050, '2021-02-10 22:00:00'),
('WB0000034', 4, 1, 1147.00, 0.050, '2021-02-03 22:00:00'),
('WB0000035', 3, 3, 1815.00, 0.045, '2021-02-25 22:00:00'),
('WB0000036', 3, 4, 1653.00, 0.035, '2021-02-12 22:00:00'),
('WB0000037', 4, 1, 1045.00, 0.050, '2021-02-17 22:00:00'),
('WB0000038', 1, 5, 4364.00, 0.040, '2021-02-06 22:00:00'),
('WB0000039', 3, 2, 2822.00, 0.060, '2021-02-24 22:00:00'),
('WB0000040', 6, 1, 2046.00, 0.050, '2021-02-11 22:00:00'),
('WB0000041', 3, 3, 1985.00, 0.045, '2021-01-31 22:00:00'),
('WB0000042', 2, 2, 3023.00, 0.060, '2021-02-15 22:00:00'),
('WB0000043', 3, 1, 3728.00, 0.050, '2021-02-08 22:00:00'),
('WB0000044', 5, 2, 58.00, 0.060, '2021-02-23 22:00:00'),
('WB0000045', 2, 1, 2744.00, 0.050, '2021-02-01 22:00:00'),
('WB0000046', 5, 5, 1654.00, 0.040, '2021-02-16 22:00:00'),
('WB0000047', 3, 1, 1331.00, 0.050, '2021-02-04 22:00:00'),
('WB0000048', 4, 1, 801.00, 0.050, '2021-02-20 22:00:00'),
('WB0000049', 3, 2, 967.00, 0.060, '2021-02-09 22:00:00'),
('WB0000050', 3, 2, 1988.00, 0.060, '2021-02-27 22:00:00'),
('WB0000051', 3, 1, 3646.00, 0.050, '2021-02-13 22:00:00'),
('WB0000052', 4, 1, 54.00, 0.050, '2021-02-05 22:00:00'),
('WB0000053', 2, 3, 2121.00, 0.045, '2021-02-19 22:00:00'),
('WB0000054', 3, 4, 564.00, 0.035, '2021-02-22 22:00:00'),
('WB0000055', 4, 1, 1011.00, 0.050, '2021-02-14 22:00:00'),
('WB0000056', 5, 5, 2950.00, 0.040, '2021-02-02 22:00:00'),
('WB0000057', 3, 4, 57.00, 0.035, '2021-02-26 22:00:00'),
('WB0000058', 4, 1, 2382.00, 0.050, '2021-02-07 22:00:00'),
('WB0000059', 1, 2, 349.00, 0.060, '2021-02-18 22:00:00'),
('WB0000060', 1, 1, 2479.00, 0.050, '2021-02-10 22:00:00'),
('WB0000061', 2, 1, 1537.00, 0.050, '2021-02-03 22:00:00'),
('WB0000062', 3, 3, 2802.00, 0.045, '2021-02-25 22:00:00'),
('WB0000063', 4, 1, 1290.00, 0.050, '2021-02-12 22:00:00'),
('WB0000064', 3, 2, 4331.00, 0.060, '2021-02-17 22:00:00'),
('WB0000065', 3, 4, 1338.00, 0.035, '2021-02-06 22:00:00'),
('WB0000066', 4, 1, 1477.00, 0.050, '2021-02-24 22:00:00'),
('WB0000067', 1, 1, 3430.00, 0.050, '2021-02-11 22:00:00'),
('WB0000068', 3, 2, 451.00, 0.060, '2021-01-31 22:00:00'),
('WB0000069', 6, 1, 80.00, 0.050, '2021-02-15 22:00:00'),
('WB0000070', 3, 4, 2002.00, 0.035, '2021-02-08 22:00:00'),
('WB0000071', 2, 1, 3235.00, 0.050, '2021-02-23 22:00:00'),
('WB0000072', 3, 2, 4156.00, 0.060, '2021-02-01 22:00:00'),
('WB0000073', 5, 1, 22.00, 0.050, '2021-02-16 22:00:00'),
('WB0000074', 2, 1, 2156.00, 0.050, '2021-02-04 22:00:00'),
('WB0000075', 5, 2, 2267.00, 0.060, '2021-02-20 22:00:00'),
('WB0000076', 3, 3, 2419.00, 0.045, '2021-02-09 22:00:00'),
('WB0000077', 4, 1, 1691.00, 0.050, '2021-02-27 22:00:00'),
('WB0000078', 3, 1, 2736.00, 0.050, '2021-02-13 22:00:00'),
('WB0000079', 3, 2, 4282.00, 0.060, '2021-02-05 22:00:00'),
('WB0000080', 3, 3, 2331.00, 0.045, '2021-02-19 22:00:00'),
('WB0000081', 4, 1, 1405.00, 0.050, '2021-02-22 22:00:00'),
('WB0000082', 2, 1, 945.00, 0.050, '2021-02-14 22:00:00'),
('WB0000083', 3, 4, 688.00, 0.035, '2021-02-02 22:00:00'),
('WB0000084', 4, 1, 189.00, 0.050, '2021-02-26 22:00:00'),
('WB0000085', 5, 5, 3787.00, 0.040, '2021-02-07 22:00:00'),
('WB0000086', 3, 4, 3407.00, 0.035, '2021-02-18 22:00:00'),
('WB0000087', 4, 1, 1105.00, 0.050, '2021-02-10 22:00:00'),
('WB0000088', 6, 1, 174.00, 0.050, '2021-02-03 22:00:00'),
('WB0000089', 2, 2, 1440.00, 0.060, '2021-02-25 22:00:00'),
('WB0000090', 6, 1, 3344.00, 0.050, '2021-02-12 22:00:00'),
('WB0000091', 2, 1, 2676.00, 0.050, '2021-02-17 22:00:00'),
('WB0000092', 2, 1, 812.00, 0.050, '2021-02-06 22:00:00'),
('WB0000093', 3, 4, 4224.00, 0.035, '2021-02-24 22:00:00'),
('WB0000094', 3, 1, 592.00, 0.050, '2021-02-11 22:00:00'),
('WB0000095', 3, 1, 1662.00, 0.050, '2021-01-31 22:00:00'),
('WB0000096', 2, 1, 1915.00, 0.050, '2021-02-15 22:00:00'),
('WB0000097', 3, 1, 1866.00, 0.050, '2021-02-08 22:00:00'),
('WB0000098', 6, 2, 4320.00, 0.060, '2021-02-23 22:00:00'),
('WB0000099', 2, 1, 228.00, 0.050, '2021-02-01 22:00:00'),
('WB0000100', 6, 1, 3318.00, 0.050, '2021-02-16 22:00:00'),
('WB0000101', 2, 1, 3615.00, 0.050, '2021-02-04 22:00:00'),
('WB0000102', 2, 1, 4156.00, 0.050, '2021-02-20 22:00:00'),
('WB0000103', 3, 3, 1401.00, 0.045, '2021-02-09 22:00:00'),
('WB0000104', 3, 1, 2014.00, 0.050, '2021-02-27 22:00:00'),
('WB0000105', 3, 2, 3475.00, 0.060, '2021-02-13 22:00:00'),
('WB0000106', 2, 2, 2452.00, 0.060, '2021-02-05 22:00:00'),
('WB0000107', 3, 4, 1720.00, 0.035, '2021-02-19 22:00:00'),
('WB0000108', 2, 1, 118.00, 0.050, '2021-02-22 22:00:00'),
('WB0000109', 3, 2, 779.00, 0.060, '2021-02-14 22:00:00'),
('WB0000110', 4, 1, 1623.00, 0.050, '2021-02-02 22:00:00'),
('WB0000111', 3, 1, 2679.00, 0.050, '2021-02-26 22:00:00'),
('WB0000112', 3, 4, 1976.00, 0.035, '2021-02-07 22:00:00'),
('WB0000113', 4, 1, 974.00, 0.050, '2021-02-18 22:00:00'),
('WB0000114', 1, 1, 2911.00, 0.050, '2021-02-10 22:00:00'),
('WB0000115', 3, 4, 279.00, 0.035, '2021-02-03 22:00:00'),
('WB0000116', 6, 1, 3646.00, 0.050, '2021-02-25 22:00:00'),
('WB0000117', 3, 2, 855.00, 0.060, '2021-02-12 22:00:00'),
('WB0000118', 2, 1, 1412.00, 0.050, '2021-02-17 22:00:00'),
('WB0000119', 3, 1, 2137.00, 0.050, '2021-02-06 22:00:00'),
('WB0000120', 5, 5, 1800.00, 0.040, '2021-02-24 22:00:00'),
('WB0000121', 2, 1, 1219.00, 0.050, '2021-02-11 22:00:00'),
('WB0000122', 5, 5, 3582.00, 0.040, '2021-01-31 22:00:00'),
('WB0000123', 3, 1, 760.00, 0.050, '2021-02-15 22:00:00'),
('WB0000124', 4, 2, 2308.00, 0.060, '2021-02-08 22:00:00'),
('WB0000125', 1, 3, 1941.00, 0.045, '2021-02-23 22:00:00'),
('WB0000126', 3, 1, 2068.00, 0.050, '2021-02-01 22:00:00'),
('WB0000127', 6, 2, 4242.00, 0.060, '2021-02-16 22:00:00'),
('WB0000128', 3, 1, 2587.00, 0.050, '2021-02-04 22:00:00'),
('WB0000129', 2, 3, 4196.00, 0.045, '2021-02-20 22:00:00'),
('WB0000130', 3, 1, 1463.00, 0.050, '2021-02-09 22:00:00'),
('WB0000131', 5, 5, 2199.00, 0.040, '2021-02-27 22:00:00'),
('WB0000132', 2, 1, 2956.00, 0.050, '2021-02-13 22:00:00'),
('WB0000133', 5, 5, 1663.00, 0.040, '2021-02-05 22:00:00'),
('WB0000134', 3, 1, 2525.00, 0.050, '2021-02-19 22:00:00'),
('WB0000135', 4, 1, 4404.00, 0.050, '2021-02-22 22:00:00'),
('WB0000136', 3, 2, 1012.00, 0.060, '2021-02-14 22:00:00'),
('WB0000137', 3, 1, 69.00, 0.050, '2021-02-02 22:00:00'),
('WB0000138', 3, 1, 4241.00, 0.050, '2021-02-26 22:00:00'),
('WB0000139', 4, 2, 3379.00, 0.060, '2021-02-07 22:00:00'),
('WB0000140', 2, 2, 3255.00, 0.060, '2021-02-18 22:00:00'),
('WB0000141', 3, 4, 1705.00, 0.035, '2021-02-10 22:00:00'),
('WB0000142', 4, 1, 1039.00, 0.050, '2021-02-03 22:00:00'),
('WB0000143', 5, 5, 254.00, 0.040, '2021-02-25 22:00:00'),
('WB0000144', 3, 2, 870.00, 0.060, '2021-02-12 22:00:00'),
('WB0000145', 4, 2, 772.00, 0.060, '2021-02-17 22:00:00'),
('WB0000146', 1, 3, 1791.00, 0.045, '2021-02-06 22:00:00'),
('WB0000147', 3, 1, 3320.00, 0.050, '2021-02-24 22:00:00'),
('WB0000148', 4, 1, 4185.00, 0.050, '2021-02-11 22:00:00'),
('WB0000149', 1, 2, 100.00, 0.060, '2021-01-31 22:00:00'),
('WB0000150', 3, 2, 3794.00, 0.060, '2021-02-15 22:00:00'),
('WB0000151', 6, 1, 498.00, 0.050, '2021-02-08 22:00:00'),
('WB0000152', 3, 1, 2566.00, 0.050, '2021-02-23 22:00:00'),
('WB0000153', 2, 1, 4459.00, 0.050, '2021-02-01 22:00:00'),
('WB0000154', 3, 1, 3916.00, 0.050, '2021-02-16 22:00:00'),
('WB0000155', 5, 5, 528.00, 0.040, '2021-02-04 22:00:00'),
('WB0000156', 2, 5, 2067.00, 0.040, '2021-02-20 22:00:00'),
('WB0000157', 5, 5, 1119.00, 0.040, '2021-02-09 22:00:00'),
('WB0000158', 3, 1, 1209.00, 0.050, '2021-02-27 22:00:00'),
('WB0000159', 4, 1, 1950.00, 0.050, '2021-02-13 22:00:00'),
('WB0000160', 3, 2, 1268.00, 0.060, '2021-02-05 22:00:00'),
('WB0000161', 3, 4, 1066.00, 0.035, '2021-02-19 22:00:00'),
('WB0000162', 3, 1, 4419.00, 0.050, '2021-02-22 22:00:00'),
('WB0000163', 4, 1, 2065.00, 0.050, '2021-02-14 22:00:00'),
('WB0000164', 2, 5, 2663.00, 0.040, '2021-02-02 22:00:00'),
('WB0000165', 3, 1, 2075.00, 0.050, '2021-02-26 22:00:00'),
('WB0000166', 4, 3, 3284.00, 0.045, '2021-02-07 22:00:00'),
('WB0000167', 5, 1, 425.00, 0.050, '2021-02-18 22:00:00'),
('WB0000168', 3, 4, 1856.00, 0.035, '2021-02-10 22:00:00'),
('WB0000169', 4, 1, 405.00, 0.050, '2021-02-03 22:00:00'),
('WB0000170', 1, 5, 608.00, 0.040, '2021-02-25 22:00:00'),
('WB0000171', 1, 3, 4143.00, 0.045, '2021-02-12 22:00:00'),
('WB0000172', 3, 1, 681.00, 0.050, '2021-02-17 22:00:00'),
('WB0000173', 6, 2, 4405.00, 0.060, '2021-02-06 22:00:00'),
('WB0000174', 3, 1, 3980.00, 0.050, '2021-02-24 22:00:00'),
('WB0000175', 2, 3, 2510.00, 0.045, '2021-02-11 22:00:00'),
('WB0000176', 3, 1, 2807.00, 0.050, '2021-01-31 22:00:00'),
('WB0000177', 5, 5, 474.00, 0.040, '2021-02-15 22:00:00'),
('WB0000178', 2, 1, 75.00, 0.050, '2021-02-08 22:00:00'),
('WB0000179', 5, 5, 2581.00, 0.040, '2021-02-23 22:00:00'),
('WB0000180', 3, 1, 3938.00, 0.050, '2021-02-01 22:00:00'),
('WB0000181', 4, 1, 3419.00, 0.050, '2021-02-16 22:00:00'),
('WB0000182', 3, 2, 1047.00, 0.060, '2021-02-04 22:00:00'),
('WB0000183', 3, 1, 205.00, 0.050, '2021-02-20 22:00:00'),
('WB0000184', 3, 1, 495.00, 0.050, '2021-02-09 22:00:00'),
('WB0000185', 4, 2, 3107.00, 0.060, '2021-02-27 22:00:00'),
('WB0000186', 2, 2, 2597.00, 0.060, '2021-02-13 22:00:00'),
('WB0000187', 3, 4, 3049.00, 0.035, '2021-02-05 22:00:00'),
('WB0000188', 4, 1, 2713.00, 0.050, '2021-02-19 22:00:00'),
('WB0000189', 5, 5, 1727.00, 0.040, '2021-02-22 22:00:00'),
('WB0000190', 3, 2, 2060.00, 0.060, '2021-02-14 22:00:00'),
('WB0000191', 4, 2, 268.00, 0.060, '2021-02-02 22:00:00'),
('WB0000192', 1, 3, 2327.00, 0.045, '2021-02-26 22:00:00'),
('WB0000193', 3, 1, 3027.00, 0.050, '2021-02-07 22:00:00'),
('WB0000194', 4, 1, 897.00, 0.050, '2021-02-18 22:00:00'),
('WB0000195', 1, 2, 2275.00, 0.060, '2021-02-10 22:00:00'),
('WB0000196', 3, 2, 1246.00, 0.060, '2021-02-03 22:00:00'),
('WB0000197', 6, 1, 2768.00, 0.050, '2021-02-25 22:00:00'),
('WB0000198', 3, 1, 3082.00, 0.050, '2021-02-12 22:00:00'),
('WB0000199', 2, 1, 4307.00, 0.050, '2021-02-17 22:00:00'),
('WB0000200', 3, 1, 3664.00, 0.050, '2021-02-06 22:00:00'),
('WB0000201', 5, 5, 3274.00, 0.040, '2021-02-24 22:00:00'),
('WB0000202', 2, 5, 2854.00, 0.040, '2021-02-11 22:00:00'),
('WB0000203', 5, 5, 1253.00, 0.040, '2021-01-31 22:00:00'),
('WB0000204', 3, 1, 812.00, 0.050, '2021-02-15 22:00:00'),
('WB0000205', 4, 1, 962.00, 0.050, '2021-02-08 22:00:00'),
('WB0000206', 3, 2, 2219.00, 0.060, '2021-02-23 22:00:00'),
('WB0000207', 3, 4, 4407.00, 0.035, '2021-02-01 22:00:00'),
('WB0000208', 3, 1, 3825.00, 0.050, '2021-02-16 22:00:00'),
('WB0000209', 4, 1, 2162.00, 0.050, '2021-02-04 22:00:00'),
('WB0000210', 2, 5, 883.00, 0.040, '2021-02-20 22:00:00'),
('WB0000211', 3, 1, 1506.00, 0.050, '2021-02-09 22:00:00'),
('WB0000212', 4, 3, 394.00, 0.045, '2021-02-27 22:00:00'),
('WB0000213', 5, 1, 4272.00, 0.050, '2021-02-13 22:00:00'),
('WB0000214', 3, 4, 4187.00, 0.035, '2021-02-05 22:00:00'),
('WB0000215', 4, 1, 913.00, 0.050, '2021-02-19 22:00:00'),
('WB0000216', 1, 5, 3651.00, 0.040, '2021-02-22 22:00:00'),
('WB0000217', 1, 3, 1000.00, 0.045, '2021-02-14 22:00:00'),
('WB0000218', 3, 1, 839.00, 0.050, '2021-02-02 22:00:00'),
('WB0000219', 6, 2, 1851.00, 0.060, '2021-02-26 22:00:00'),
('WB0000220', 3, 1, 1341.00, 0.050, '2021-02-07 22:00:00'),
('WB0000221', 2, 3, 3150.00, 0.045, '2021-02-18 22:00:00'),
('WB0000222', 3, 1, 3050.00, 0.050, '2021-02-10 22:00:00'),
('WB0000223', 5, 5, 4489.00, 0.040, '2021-02-03 22:00:00'),
('WB0000224', 2, 1, 3432.00, 0.050, '2021-02-25 22:00:00'),
('WB0000225', 5, 5, 136.00, 0.040, '2021-02-12 22:00:00'),
('WB0000226', 3, 1, 2318.00, 0.050, '2021-02-17 22:00:00'),
('WB0000227', 4, 1, 4327.00, 0.050, '2021-02-06 22:00:00'),
('WB0000228', 3, 2, 1653.00, 0.060, '2021-02-24 22:00:00'),
('WB0000229', 3, 1, 20.00, 0.050, '2021-02-11 22:00:00'),
('WB0000230', 3, 1, 1219.00, 0.050, '2021-01-31 22:00:00'),
('WB0000231', 4, 2, 1508.00, 0.060, '2021-02-15 22:00:00'),
('WB0000232', 2, 2, 1205.00, 0.060, '2021-02-08 22:00:00'),
('WB0000233', 3, 4, 1589.00, 0.035, '2021-02-23 22:00:00'),
('WB0000234', 4, 1, 1280.00, 0.050, '2021-02-01 22:00:00'),
('WB0000235', 5, 5, 335.00, 0.040, '2021-02-16 22:00:00'),
('WB0000236', 3, 2, 2268.00, 0.060, '2021-02-04 22:00:00'),
('WB0000237', 4, 2, 2815.00, 0.060, '2021-02-20 22:00:00'),
('WB0000238', 1, 3, 4414.00, 0.045, '2021-02-09 22:00:00'),
('WB0000239', 3, 1, 654.00, 0.050, '2021-02-27 22:00:00'),
('WB0000240', 4, 1, 2180.00, 0.050, '2021-02-13 22:00:00'),
('WB0000241', 1, 2, 2869.00, 0.060, '2021-02-05 22:00:00'),
('WB0000242', 3, 2, 3757.00, 0.060, '2021-02-19 22:00:00'),
('WB0000243', 6, 1, 2038.00, 0.050, '2021-02-22 22:00:00'),
('WB0000244', 3, 1, 1344.00, 0.050, '2021-02-14 22:00:00'),
('WB0000245', 2, 1, 526.00, 0.050, '2021-02-02 22:00:00'),
('WB0000246', 3, 1, 192.00, 0.050, '2021-02-26 22:00:00'),
('WB0000247', 5, 5, 866.00, 0.040, '2021-02-07 22:00:00'),
('WB0000248', 2, 5, 3568.00, 0.040, '2021-02-18 22:00:00'),
('WB0000249', 5, 5, 729.00, 0.040, '2021-02-10 22:00:00'),
('WB0000250', 3, 1, 3331.00, 0.050, '2021-02-03 22:00:00'),
('WB0000251', 4, 1, 336.00, 0.050, '2021-02-25 22:00:00'),
('WB0000252', 3, 2, 976.00, 0.060, '2021-02-12 22:00:00'),
('WB0000253', 3, 4, 89.00, 0.035, '2021-02-17 22:00:00'),
('WB0000254', 3, 1, 630.00, 0.050, '2021-02-06 22:00:00'),
('WB0000255', 4, 1, 3161.00, 0.050, '2021-02-24 22:00:00'),
('WB0000256', 2, 5, 4200.00, 0.040, '2021-02-11 22:00:00'),
('WB0000257', 3, 1, 3887.00, 0.050, '2021-01-31 22:00:00'),
('WB0000258', 4, 3, 4421.00, 0.045, '2021-02-15 22:00:00'),
('WB0000259', 5, 1, 1863.00, 0.050, '2021-02-08 22:00:00'),
('WB0000260', 3, 4, 2465.00, 0.035, '2021-02-23 22:00:00'),
('WB0000261', 4, 1, 3775.00, 0.050, '2021-02-01 22:00:00'),
('WB0000262', 1, 5, 2897.00, 0.040, '2021-02-16 22:00:00'),
('WB0000263', 1, 3, 3994.00, 0.045, '2021-02-04 22:00:00'),
('WB0000264', 3, 1, 586.00, 0.050, '2021-02-20 22:00:00'),
('WB0000265', 6, 2, 2562.00, 0.060, '2021-02-09 22:00:00'),
('WB0000266', 3, 1, 3867.00, 0.050, '2021-02-27 22:00:00'),
('WB0000267', 2, 3, 4208.00, 0.045, '2021-02-13 22:00:00'),
('WB0000268', 3, 1, 4471.00, 0.050, '2021-02-05 22:00:00'),
('WB0000269', 5, 5, 303.00, 0.040, '2021-02-19 22:00:00'),
('WB0000270', 2, 1, 4261.00, 0.050, '2021-02-22 22:00:00'),
('WB0000271', 5, 5, 1122.00, 0.040, '2021-02-14 22:00:00'),
('WB0000272', 3, 1, 1396.00, 0.050, '2021-02-02 22:00:00'),
('WB0000273', 4, 1, 905.00, 0.050, '2021-02-26 22:00:00'),
('WB0000274', 3, 2, 4002.00, 0.060, '2021-02-07 22:00:00'),
('WB0000275', 3, 1, 1591.00, 0.050, '2021-02-18 22:00:00'),
('WB0000276', 3, 1, 3353.00, 0.050, '2021-02-10 22:00:00'),
('WB0000277', 4, 2, 3364.00, 0.060, '2021-02-03 22:00:00'),
('WB0000278', 2, 2, 4129.00, 0.060, '2021-02-25 22:00:00'),
('WB0000279', 3, 4, 1003.00, 0.035, '2021-02-12 22:00:00'),
('WB0000280', 4, 1, 2475.00, 0.050, '2021-02-17 22:00:00'),
('WB0000281', 5, 5, 3597.00, 0.040, '2021-02-06 22:00:00'),
('WB0000282', 3, 2, 1659.00, 0.060, '2021-02-24 22:00:00'),
('WB0000283', 4, 2, 4163.00, 0.060, '2021-02-11 22:00:00'),
('WB0000284', 1, 3, 487.00, 0.045, '2021-01-31 22:00:00'),
('WB0000285', 3, 1, 3790.00, 0.050, '2021-02-15 22:00:00'),
('WB0000286', 4, 1, 2186.00, 0.050, '2021-02-08 22:00:00'),
('WB0000287', 1, 2, 1894.00, 0.060, '2021-02-23 22:00:00'),
('WB0000288', 3, 2, 1458.00, 0.060, '2021-02-01 22:00:00'),
('WB0000289', 6, 1, 875.00, 0.050, '2021-02-16 22:00:00'),
('WB0000290', 3, 1, 189.00, 0.050, '2021-02-04 22:00:00'),
('WB0000291', 2, 1, 4479.00, 0.050, '2021-02-20 22:00:00'),
('WB0000292', 3, 1, 3733.00, 0.050, '2021-02-09 22:00:00'),
('WB0000293', 5, 5, 640.00, 0.040, '2021-02-27 22:00:00'),
('WB0000294', 2, 5, 413.00, 0.040, '2021-02-13 22:00:00'),
('WB0000295', 5, 5, 880.00, 0.040, '2021-02-05 22:00:00'),
('WB0000296', 3, 1, 2921.00, 0.050, '2021-02-19 22:00:00'),
('WB0000297', 4, 1, 3428.00, 0.050, '2021-02-22 22:00:00'),
('WB0000298', 3, 2, 4103.00, 0.060, '2021-02-14 22:00:00'),
('WB0000299', 3, 4, 2610.00, 0.035, '2021-02-02 22:00:00'),
('WB0000300', 3, 1, 3813.00, 0.050, '2021-02-26 22:00:00'),
('WB0000301', 4, 1, 1899.00, 0.050, '2021-02-07 22:00:00'),
('WB0000302', 2, 5, 1284.00, 0.040, '2021-02-18 22:00:00'),
('WB0000303', 3, 1, 2928.00, 0.050, '2021-02-10 22:00:00'),
('WB0000304', 4, 3, 301.00, 0.045, '2021-02-03 22:00:00'),
('WB0000305', 5, 1, 3672.00, 0.050, '2021-02-25 22:00:00'),
('WB0000306', 3, 4, 1542.00, 0.035, '2021-02-12 22:00:00'),
('WB0000307', 4, 1, 2001.00, 0.050, '2021-02-17 22:00:00'),
('WB0000308', 1, 5, 3166.00, 0.040, '2021-02-06 22:00:00'),
('WB0000309', 1, 1, 1.00, 0.050, '2025-10-29 23:42:30');

-- --------------------------------------------------------

--
-- Table structure for table `users`
--

CREATE TABLE `users` (
  `user_id` int(11) NOT NULL,
  `username` varchar(50) NOT NULL,
  `password` varchar(255) NOT NULL,
  `role` enum('admin','manager') NOT NULL,
  `created_at` timestamp NOT NULL DEFAULT current_timestamp()
) ENGINE=InnoDB DEFAULT CHARSET=utf8mb4 COLLATE=utf8mb4_general_ci;

--
-- Dumping data for table `users`
--

INSERT INTO `users` (`user_id`, `username`, `password`, `role`, `created_at`) VALUES
(1, 'admin', '$2y$10$92IXUNpkjO0rOQ5byMi.Ye4oKoEa3Ro9llC/.og/at2.uheWG/igi', 'admin', '2025-10-30 05:53:24'),
(2, 'manager', '$2y$10$92IXUNpkjO0rOQ5byMi.Ye4oKoEa3Ro9llC/.og/at2.uheWG/igi', 'manager', '2025-10-30 05:53:24');

--
-- Indexes for dumped tables
--

--
-- Indexes for table `booths`
--
ALTER TABLE `booths`
  ADD PRIMARY KEY (`Booth_id`);

--
-- Indexes for table `boothservices`
--
ALTER TABLE `boothservices`
  ADD PRIMARY KEY (`Booth_service_id`),
  ADD KEY `Booth_id` (`Booth_id`),
  ADD KEY `Service_id` (`Service_id`);

--
-- Indexes for table `services`
--
ALTER TABLE `services`
  ADD PRIMARY KEY (`Service_id`);

--
-- Indexes for table `transactions`
--
ALTER TABLE `transactions`
  ADD PRIMARY KEY (`Transaction_id`),
  ADD KEY `Booth_id` (`Booth_id`),
  ADD KEY `Service_id` (`Service_id`);

--
-- Indexes for table `users`
--
ALTER TABLE `users`
  ADD PRIMARY KEY (`user_id`),
  ADD UNIQUE KEY `username` (`username`);

--
-- AUTO_INCREMENT for dumped tables
--

--
-- AUTO_INCREMENT for table `booths`
--
ALTER TABLE `booths`
  MODIFY `Booth_id` int(10) NOT NULL AUTO_INCREMENT COMMENT 'Primary Key', AUTO_INCREMENT=7;

--
-- AUTO_INCREMENT for table `boothservices`
--
ALTER TABLE `boothservices`
  MODIFY `Booth_service_id` int(11) NOT NULL AUTO_INCREMENT, AUTO_INCREMENT=25;

--
-- AUTO_INCREMENT for table `services`
--
ALTER TABLE `services`
  MODIFY `Service_id` int(10) NOT NULL AUTO_INCREMENT, AUTO_INCREMENT=6;

--
-- AUTO_INCREMENT for table `users`
--
ALTER TABLE `users`
  MODIFY `user_id` int(11) NOT NULL AUTO_INCREMENT, AUTO_INCREMENT=3;

--
-- Constraints for dumped tables
--

--
-- Constraints for table `boothservices`
--
ALTER TABLE `boothservices`
  ADD CONSTRAINT `boothservices_ibfk_1` FOREIGN KEY (`Booth_id`) REFERENCES `booths` (`Booth_id`),
  ADD CONSTRAINT `boothservices_ibfk_2` FOREIGN KEY (`Service_id`) REFERENCES `services` (`Service_id`);

--
-- Constraints for table `transactions`
--
ALTER TABLE `transactions`
  ADD CONSTRAINT `transactions_ibfk_1` FOREIGN KEY (`Booth_id`) REFERENCES `booths` (`Booth_id`),
  ADD CONSTRAINT `transactions_ibfk_2` FOREIGN KEY (`Service_id`) REFERENCES `services` (`Service_id`);
COMMIT;

/*!40101 SET CHARACTER_SET_CLIENT=@OLD_CHARACTER_SET_CLIENT */;
/*!40101 SET CHARACTER_SET_RESULTS=@OLD_CHARACTER_SET_RESULTS */;
/*!40101 SET COLLATION_CONNECTION=@OLD_COLLATION_CONNECTION */;
